Country / Regional Office,Patent Office URL,Fees URL,Filing URL,Filing Language,Gross Domestic Product (USD),Transmittal Fee,Filing Fee,Search Fee,Examination Fee,Granting Fee,Annual Fee 3,Annual Fee 4,Annual Fee 5,Annual Fee 6,Annual Fee 7,Annual Fee 8,Annual Fee 9,Annual Fee 10,Annual Fee 11,Annual Fee 12,Annual Fee 13,Annual Fee 14,Annual Fee 15,Annual Fee 16,Annual Fee 17,Annual Fee 18,Annual Fee 19,Annual Fee 20
Afghanistan,http://www.acbr.gov.af/,,,,,,,,,,,,,,,,,,,,,,,,,,,
Albania,http://www.dppm.gov.al/,,,,,,,,,,,,,,,,,,,,,,,,,,,
Algeria,http://www.inapi.org/,,,,,,,,,,,,,,,,,,,,,,,,,,,
Andorra,http://www.ompa.ad/,,,,,,,,,,,,,,,,,,,,,,,,,,,
Angola,,,,,,,,,,,,,,,,,,,,,,,,,,,,
Antigua and Barbuda,https://abipco.gov.ag/,,,,,,,,,,,,,,,,,,,,,,,,,,,
Argentina,http://www.inpi.gob.ar/,,,,,,,,,,,,,,,,,,,,,,,,,,,
Armenia,http://www.aipa.am/,,,,,,,,,,,,,,,,,,,,,,,,,,,
Australia,http://www.ipaustralia.gov.au/,,,,,,,,,,,,,,,,,,,,,,,,,,,
Austria,http://www.patentamt.at/,,,,,,,,,,,,,,,,,,,,,,,,,,,
Azerbaijan,copy remaining office links from http://www.wipo.int/directory/en/urls.jsp,,,,,,,,,,,,,,,,,,,,,,,,,,,
Bahamas,,,,,,,,,,,,,,,,,,,,,,,,,,,,
Bahrain,,,,,,,,,,,,,,,,,,,,,,,,,,,,
Bangladesh,,,,,,,,,,,,,,,,,,,,,,,,,,,,
Barbados,,,,,,,,,,,,,,,,,,,,,,,,,,,,
Belarus,,,,,,,,,,,,,,,,,,,,,,,,,,,,
Belgium,,,,,,,,,,,,,,,,,,,,,,,,,,,,
Belize,,,,,,,,,,,,,,,,,,,,,,,,,,,,
Benin,,,,,,,,,,,,,,,,,,,,,,,,,,,,
Bhutan,,,,,,,,,,,,,,,,,,,,,,,,,,,,
Bolivia,,,,,,,,,,,,,,,,,,,,,,,,,,,,
Bosnia and Herzegovina,,,,,,,,,,,,,,,,,,,,,,,,,,,,
Botswana,,,,,,,,,,,,,,,,,,,,,,,,,,,,
Brazil,,,,,,,,,,,,,,,,,,,,,,,,,,,,
Brunei Darussalam,,,,,,,,,,,,,,,,,,,,,,,,,,,,
Bulgaria,,,,,,,,,,,,,,,,,,,,,,,,,,,,
Burkina Faso,,,,,,,,,,,,,,,,,,,,,,,,,,,,
Burundi,,,,,,,,,,,,,,,,,,,,,,,,,,,,
Cabo Verde,,,,,,,,,,,,,,,,,,,,,,,,,,,,
Cambodia,,,,,,,,,,,,,,,,,,,,,,,,,,,,
Cameroon,,,,,,,,,,,,,,,,,,,,,,,,,,,,
Canada,,,,,,,,,,,,,,,,,,,,,,,,,,,,
Central African Republic,,,,,,,,,,,,,,,,,,,,,,,,,,,,
Chad,,,,,,,,,,,,,,,,,,,,,,,,,,,,
Chile,,,,,,,,,,,,,,,,,,,,,,,,,,,,
China,,,,,,,,,,,,,,,,,,,,,,,,,,,,
Colombia,,,,,,,,,,,,,,,,,,,,,,,,,,,,
Comoros,,,,,,,,,,,,,,,,,,,,,,,,,,,,
Congo,,,,,,,,,,,,,,,,,,,,,,,,,,,,
Cook Islands,,,,,,,,,,,,,,,,,,,,,,,,,,,,
Costa Rica,,,,,,,,,,,,,,,,,,,,,,,,,,,,
Cote d'Ivoire,,,,,,,,,,,,,,,,,,,,,,,,,,,,
Croatia,,,,,,,,,,,,,,,,,,,,,,,,,,,,
Cuba,,,,,,,,,,,,,,,,,,,,,,,,,,,,
Cyprus,,,,,,,,,,,,,,,,,,,,,,,,,,,,
Czech Republic,,,,,,,,,,,,,,,,,,,,,,,,,,,,
Democratic People's Republic of Korea,,,,,,,,,,,,,,,,,,,,,,,,,,,,
Democratic Republic of the Congo,,,,,,,,,,,,,,,,,,,,,,,,,,,,
Denmark,,,,,,,,,,,,,,,,,,,,,,,,,,,,
Djibouti,,,,,,,,,,,,,,,,,,,,,,,,,,,,
Dominica,,,,,,,,,,,,,,,,,,,,,,,,,,,,
Dominican Republic,,,,,,,,,,,,,,,,,,,,,,,,,,,,
Ecuador,,,,,,,,,,,,,,,,,,,,,,,,,,,,
Egypt,,,,,,,,,,,,,,,,,,,,,,,,,,,,
El Salvador,,,,,,,,,,,,,,,,,,,,,,,,,,,,
Equatorial Guinea,,,,,,,,,,,,,,,,,,,,,,,,,,,,
Eritrea,,,,,,,,,,,,,,,,,,,,,,,,,,,,
Estonia,,,,,,,,,,,,,,,,,,,,,,,,,,,,
Ethiopia,,,,,,,,,,,,,,,,,,,,,,,,,,,,
Fiji,,,,,,,,,,,,,,,,,,,,,,,,,,,,
Finland,,,,,,,,,,,,,,,,,,,,,,,,,,,,
France,,,,,,,,,,,,,,,,,,,,,,,,,,,,
Gabon,,,,,,,,,,,,,,,,,,,,,,,,,,,,
Gambia,,,,,,,,,,,,,,,,,,,,,,,,,,,,
Georgia,,,,,,,,,,,,,,,,,,,,,,,,,,,,
Germany,,,,,,,,,,,,,,,,,,,,,,,,,,,,
Ghana,,,,,,,,,,,,,,,,,,,,,,,,,,,,
Greece,,,,,,,,,,,,,,,,,,,,,,,,,,,,
Grenada,,,,,,,,,,,,,,,,,,,,,,,,,,,,
Guatemala,,,,,,,,,,,,,,,,,,,,,,,,,,,,
Guinea,,,,,,,,,,,,,,,,,,,,,,,,,,,,
Guinea-Bissau,,,,,,,,,,,,,,,,,,,,,,,,,,,,
Guyana,,,,,,,,,,,,,,,,,,,,,,,,,,,,
Haiti,,,,,,,,,,,,,,,,,,,,,,,,,,,,
Holy See,,,,,,,,,,,,,,,,,,,,,,,,,,,,
Honduras,,,,,,,,,,,,,,,,,,,,,,,,,,,,
Hungary,,,,,,,,,,,,,,,,,,,,,,,,,,,,
Iceland,,,,,,,,,,,,,,,,,,,,,,,,,,,,
India,,,,,,,,,,,,,,,,,,,,,,,,,,,,
Indonesia,,,,,,,,,,,,,,,,,,,,,,,,,,,,
Iran,,,,,,,,,,,,,,,,,,,,,,,,,,,,
Iraq,,,,,,,,,,,,,,,,,,,,,,,,,,,,
Ireland,,,,,,,,,,,,,,,,,,,,,,,,,,,,
Israel,,,,,,,,,,,,,,,,,,,,,,,,,,,,
Italy,,,,,,,,,,,,,,,,,,,,,,,,,,,,
Jamaica,,,,,,,,,,,,,,,,,,,,,,,,,,,,
Japan,,,,,,,,,,,,,,,,,,,,,,,,,,,,
Jordan,,,,,,,,,,,,,,,,,,,,,,,,,,,,
Kazakhstan,,,,,,,,,,,,,,,,,,,,,,,,,,,,
Kenya,,,,,,,,,,,,,,,,,,,,,,,,,,,,
Kiribati,,,,,,,,,,,,,,,,,,,,,,,,,,,,
Kuwait,,,,,,,,,,,,,,,,,,,,,,,,,,,,
Kyrgyzstan,,,,,,,,,,,,,,,,,,,,,,,,,,,,
Lao,,,,,,,,,,,,,,,,,,,,,,,,,,,,
Latvia,,,,,,,,,,,,,,,,,,,,,,,,,,,,
Lebanon,,,,,,,,,,,,,,,,,,,,,,,,,,,,
Lesotho,,,,,,,,,,,,,,,,,,,,,,,,,,,,
Liberia,,,,,,,,,,,,,,,,,,,,,,,,,,,,
Libya,,,,,,,,,,,,,,,,,,,,,,,,,,,,
Liechtenstein,,,,,,,,,,,,,,,,,,,,,,,,,,,,
Lithuania,,,,,,,,,,,,,,,,,,,,,,,,,,,,
Luxembourg,,,,,,,,,,,,,,,,,,,,,,,,,,,,
Madagascar,,,,,,,,,,,,,,,,,,,,,,,,,,,,
Malawi,,,,,,,,,,,,,,,,,,,,,,,,,,,,
Malaysia,,,,,,,,,,,,,,,,,,,,,,,,,,,,
Maldives,,,,,,,,,,,,,,,,,,,,,,,,,,,,
Mali,,,,,,,,,,,,,,,,,,,,,,,,,,,,
Malta,,,,,,,,,,,,,,,,,,,,,,,,,,,,
Marshall Islands,,,,,,,,,,,,,,,,,,,,,,,,,,,,
Mauritania,,,,,,,,,,,,,,,,,,,,,,,,,,,,
Mauritius,,,,,,,,,,,,,,,,,,,,,,,,,,,,
Mexico,,,,,,,,,,,,,,,,,,,,,,,,,,,,
Monaco,,,,,,,,,,,,,,,,,,,,,,,,,,,,
Mongolia,,,,,,,,,,,,,,,,,,,,,,,,,,,,
Montenegro,,,,,,,,,,,,,,,,,,,,,,,,,,,,
Morocco,,,,,,,,,,,,,,,,,,,,,,,,,,,,
Mozambique,,,,,,,,,,,,,,,,,,,,,,,,,,,,
Myanmar,,,,,,,,,,,,,,,,,,,,,,,,,,,,
Namibia,,,,,,,,,,,,,,,,,,,,,,,,,,,,
Nepal,,,,,,,,,,,,,,,,,,,,,,,,,,,,
Netherlands,,,,,,,,,,,,,,,,,,,,,,,,,,,,
New Zealand,,,,,,,,,,,,,,,,,,,,,,,,,,,,
Nicaragua,,,,,,,,,,,,,,,,,,,,,,,,,,,,
Niger,,,,,,,,,,,,,,,,,,,,,,,,,,,,
Nigeria,,,,,,,,,,,,,,,,,,,,,,,,,,,,
Niue,,,,,,,,,,,,,,,,,,,,,,,,,,,,
Norway,,,,,,,,,,,,,,,,,,,,,,,,,,,,
Oman,,,,,,,,,,,,,,,,,,,,,,,,,,,,
Pakistan,,,,,,,,,,,,,,,,,,,,,,,,,,,,
Panama,,,,,,,,,,,,,,,,,,,,,,,,,,,,
Papua New Guinea,,,,,,,,,,,,,,,,,,,,,,,,,,,,
Paraguay,,,,,,,,,,,,,,,,,,,,,,,,,,,,
Peru,,,,,,,,,,,,,,,,,,,,,,,,,,,,
Philippines,,,,,,,,,,,,,,,,,,,,,,,,,,,,
Poland,,,,,,,,,,,,,,,,,,,,,,,,,,,,
Portugal,,,,,,,,,,,,,,,,,,,,,,,,,,,,
Qatar,,,,,,,,,,,,,,,,,,,,,,,,,,,,
Republic of Korea,,,,,,,,,,,,,,,,,,,,,,,,,,,,
Republic of Moldova,,,,,,,,,,,,,,,,,,,,,,,,,,,,
Romania,,,,,,,,,,,,,,,,,,,,,,,,,,,,
Russian Federation,,,,,,,,,,,,,,,,,,,,,,,,,,,,
Rwanda,,,,,,,,,,,,,,,,,,,,,,,,,,,,
Saint Kitts and Nevis,,,,,,,,,,,,,,,,,,,,,,,,,,,,
Saint Lucia,,,,,,,,,,,,,,,,,,,,,,,,,,,,
Saint Vincent and the Grenadines,,,,,,,,,,,,,,,,,,,,,,,,,,,,
Samoa,,,,,,,,,,,,,,,,,,,,,,,,,,,,
San Marino,,,,,,,,,,,,,,,,,,,,,,,,,,,,
Sao Tome and Principe,,,,,,,,,,,,,,,,,,,,,,,,,,,,
Saudi Arabia,,,,,,,,,,,,,,,,,,,,,,,,,,,,
Senegal,,,,,,,,,,,,,,,,,,,,,,,,,,,,
Serbia,,,,,,,,,,,,,,,,,,,,,,,,,,,,
Seychelles,,,,,,,,,,,,,,,,,,,,,,,,,,,,
Sierra Leone,,,,,,,,,,,,,,,,,,,,,,,,,,,,
Singapore,,,,,,,,,,,,,,,,,,,,,,,,,,,,
Slovakia,,,,,,,,,,,,,,,,,,,,,,,,,,,,
Slovenia,,,,,,,,,,,,,,,,,,,,,,,,,,,,
Somalia,,,,,,,,,,,,,,,,,,,,,,,,,,,,
South Africa,,,,,,,,,,,,,,,,,,,,,,,,,,,,
Spain,,,,,,,,,,,,,,,,,,,,,,,,,,,,
Sri Lanka,,,,,,,,,,,,,,,,,,,,,,,,,,,,
Sudan,,,,,,,,,,,,,,,,,,,,,,,,,,,,
Suriname,,,,,,,,,,,,,,,,,,,,,,,,,,,,
Swaziland,,,,,,,,,,,,,,,,,,,,,,,,,,,,
Sweden,,,,,,,,,,,,,,,,,,,,,,,,,,,,
Switzerland,,,,,,,,,,,,,,,,,,,,,,,,,,,,
Syrian Arab Republic,,,,,,,,,,,,,,,,,,,,,,,,,,,,
Tajikistan,,,,,,,,,,,,,,,,,,,,,,,,,,,,
Thailand,,,,,,,,,,,,,,,,,,,,,,,,,,,,
the former Yugoslav Republic of Macedonia,,,,,,,,,,,,,,,,,,,,,,,,,,,,
Timor-Leste,,,,,,,,,,,,,,,,,,,,,,,,,,,,
Togo,,,,,,,,,,,,,,,,,,,,,,,,,,,,
Tonga,,,,,,,,,,,,,,,,,,,,,,,,,,,,
Trinidad and Tobago,,,,,,,,,,,,,,,,,,,,,,,,,,,,
Tunisia,,,,,,,,,,,,,,,,,,,,,,,,,,,,
Turkey,,,,,,,,,,,,,,,,,,,,,,,,,,,,
Turkmenistan,,,,,,,,,,,,,,,,,,,,,,,,,,,,
Tuvalu,,,,,,,,,,,,,,,,,,,,,,,,,,,,
Uganda,,,,,,,,,,,,,,,,,,,,,,,,,,,,
Ukraine,,,,,,,,,,,,,,,,,,,,,,,,,,,,
United Arab Emirates,,,,,,,,,,,,,,,,,,,,,,,,,,,,
United Kingdom,,,,,,,,,,,,,,,,,,,,,,,,,,,,
United Republic of Tanzania,,,,,,,,,,,,,,,,,,,,,,,,,,,,
United States of America,,,,,,,,,,,,,,,,,,,,,,,,,,,,
Uruguay,,,,,,,,,,,,,,,,,,,,,,,,,,,,
Uzbekistan,,,,,,,,,,,,,,,,,,,,,,,,,,,,
Vanuatu,,,,,,,,,,,,,,,,,,,,,,,,,,,,
Venezuela,,,,,,,,,,,,,,,,,,,,,,,,,,,,
Viet Nam,,,,,,,,,,,,,,,,,,,,,,,,,,,,
Yemen,,,,,,,,,,,,,,,,,,,,,,,,,,,,
Zambia,,,,,,,,,,,,,,,,,,,,,,,,,,,,
Zimbabwe,,,,,,,,,,,,,,,,,,,,,,,,,,,,
African Intellectual Property Organization,,,,,,,,,,,,,,,,,,,,,,,,,,,,
African Regional Intellectual Property Organization,,,,,,,,,,,,,,,,,,,,,,,,,,,,
Arab States Broadcasting Union,,,,,,,,,,,,,,,,,,,,,,,,,,,,
Benelux Office for Intellectual Property,,,,,,,,,,,,,,,,,,,,,,,,,,,,
Eurasian Patent Organization,,,,,,,,,,,,,,,,,,,,,,,,,,,,
European Patent Organisation,,,,,,,,,,,,,,,,,,,,,,,,,,,,
European Union Intellectual Property Office,,,,,,,,,,,,,,,,,,,,,,,,,,,,
Interstate Council on the Protection of Industrial Property,,,,,,,,,,,,,,,,,,,,,,,,,,,,
Patent Office of the Cooperation Council for the Arab States of the Gulf,,,,,,,,,,,,,,,,,,,,,,,,,,,,
